{"project_info":{"project_id":"mobsec-2858b","project_number":"1021487341664","name":"MobSec"},"client":[{"client_info":{"mobilesdk_app_id":"1:1021487341664:android:26655b0392933ebe","client_id":"android:com.apps.finalproj.mobsec","client_type":1,"android_client_info":{"package_name":"com.apps.finalproj.mobsec"}},"oauth_client":[{"client_id":"1021487341664-ie96tgp43nmbqgooucs2rpk82873iu3b.apps.googleusercontent.com","client_type":1,"android_info":{"package_name":"com.apps.finalproj.mobsec","certificate_hash":"24186281584079d6252df3cabd9e010ab2bc78f8"}}],"api_key":[],"services":{"analytics_service":{"status":1},"cloud_messaging_service":{"status":1,"apns_config":[]},"appinvite_service":{"status":1,"other_platform_oauth_client":[]},"google_signin_service":{"status":2},"ads_service":{"status":1}}}],"client_info":[],"ARTIFACT_VERSION":"1"}